{"cameraMode":{"drawMode":0,"name":"Shaded","section":"Shading Mode"},"sceneLighting":true,"audioPlay":false,"sceneViewState":{"showFog":true,"showMaterialUpdate":false,"showSkybox":true,"showFlares":true,"showImageEffects":true,"showParticleSystems":true},"in2DMode":false,"pivot":{"x":-4.758243560791016,"y":0.12283194065093994,"z":-42.583251953125},"rotation":{"x":0.17285625636577607,"y":-0.6531597971916199,"z":0.15672722458839417,"w":0.720378577709198},"size":8.665051460266114,"orthographic":true}