{"cameraMode":{"drawMode":0,"name":"Shaded","section":"Shading Mode"},"sceneLighting":true,"audioPlay":false,"sceneViewState":{"showFog":true,"showMaterialUpdate":false,"showSkybox":true,"showFlares":true,"showImageEffects":true,"showParticleSystems":true},"in2DMode":false,"pivot":{"x":-3.7455697059631349,"y":5.82094669342041,"z":-31.83018684387207},"rotation":{"x":0.04811885207891464,"y":0.3984253406524658,"z":-0.020936066284775735,"w":0.9156997799873352},"size":23.4868221282959,"orthographic":true}