{"cameraMode":{"drawMode":0,"name":"Shaded","section":"Shading Mode"},"sceneLighting":false,"audioPlay":false,"sceneViewState":{"showFog":true,"showMaterialUpdate":false,"showSkybox":false,"showFlares":true,"showImageEffects":true,"showParticleSystems":true},"in2DMode":false,"pivot":{"x":-0.7000000476837158,"y":1.0199999809265137,"z":-37.36000061035156},"rotation":{"x":0.04811885207891464,"y":0.3984253406524658,"z":-0.020936066284775735,"w":0.9156997799873352},"size":4.041658401489258,"orthographic":true}